Function,Mean Fitness,Std Deviation
F2,86987927702.04558,12502308264.287022
